[
  {
    "id": 1,
    "name": "John Doe",
    "age": 30,
    "address": "123 Main St",
    "date_of_appointment": "2023-01-01",
    "Doctor_appointed": "Dr. Durga",
    "Medical_symptom": "Fever",
    "medicine": [
      {
        "medicine_name": "paracetamol",
        "quantity": 3
      }
    ]
  },
  {
    "id": 2,
    "name": "Jane Smith",
    "age": 25,
    "address": "456 Oak Ave",
    "date_of_appointment": "2023-02-15",
    "Doctor_appointed": "Dr. Johnson",
    "Medical_symptom": "Headache",
    "medicines": [
      {
        "medicine_name": "paracetamol",
        "quantity": 3
      },
      {
        "medicine_name": "paracetamol",
        "quantity": 2
      }
    ]
  },
  {
    "id": 3,
    "name": "Bob Johnson",
    "age": 40,
    "address": "789 Pine St",
    "date_of_appointment": "2023-03-10",
    "Doctor_appointed": "Dr. Patel",
    "Medical_symptom": "Cough",
    "medicines": [
      {
        "medicine_name": "paracetamol",
        "quantity": 3
      },
      {
        "medicine_name": "aspirin",
        "quantity": 4
      },
      {
        "medicine_name": "paracetamol",
        "quantity": 2
      }
    ]
  },
  {
    "id": 4,
    "name": "sneha",
    "age": 7,
    "address": "193 Thiru st",
    "date_of_appointment": "2023-04-21",
    "Doctor_appointed": "Dr.Suresh",
    "Medical_symptom": "Leg Pain",
    "medicines": [
      {
        "medicine_name": "paracetamol",
        "quantity": 4
      }
    ]
  },
  {
    "id": 5,
    "name": "Subha",
    "age": 17,
    "address": "345 Jaya st",
    "date_of_appointment": "1999-05-23",
    "Doctor_appointed": "Dr.Senthil",
    "Medical_symptom": "Stomach ache",
    "medicines": [
      {
        "medicine_name": "paracetamol",
        "quantity": 4
      },
      {
        "medicine_name": "paracetamol",
        "quantity": 4
      }
    ]
  },
  {
    "id": 6,
    "name": "shyam",
    "age": 34,
    "address": "234 nehru st",
    "date_of_appointment": "2023-04-09",
    "Doctor_appointed": "Dr.Suresh",
    "Medical_symptom": "fever",
    "medicines": []
  }
]